slang,
"가슴빨아",
"가슴빨어",
"가슴조물락",
"가슴주물럭",
"가슴쪼물딱",
"가슴쪼물락",
"가슴핧아",
"가슴핧어",
"갈보",
"강간",
"개걸레",
"개놈",
"개년",
"개등신",
"개병신",
"개보쥐",
"개보지",
"개부랄",
"개시키",
"개새끼",
"개십",
"개십새",
"개십세",
"개쓰레기",
"개씨발",
"개씨펄",
"개자식",
"개자지",
"개잡년",
"개잡지랄",
"개젓가튼넘",
"개좃",
"개좆",
"개죷",
"개지랄",
"걔잡년",
"걔잡지랄",
"굿보지",
"근친상간",
"깔다구",
"깔따구",
"깝친다",
"꼴리다",
"난교",
"남창",
"내꺼빨아",
"내꺼핧아",
"내미랄",
"내버지",
"내씨발",
"내자지",
"내잠지",
"내조지",
"너거애비",
"너거어마이",
"너그어미",
"뇬",
"뉘귀미",
"뉘긔미",
"뉘기뮈",
"뉘기미",
"뉘김",
"뉘뮈",
"뉘미",
"뉘미랄",
"뉘미럴",
"뉘미룰",
"뉘이미",
"뉭기리",
"뉭기미",
"느그애미",
"느그애비",
"느그엄마",
"느그에미",
"느그에비",
"늬귀미",
"늬긔믜",
"늬긔미",
"늬기뮈",
"늬기미",
"늬믜",
"늬미",
"닁기미",
"닁김",
"니귀뮈",
"니귀미",
"니그으미",
"니긔미",
"니기뮈",
"니기믜",
"니기미",
"니김이",
"니매랄",
"니매럴",
"니머럴",
"니뭬랄",
"니뭬럴",
"니뮈",
"니밀할",
"니아범",
"니애미",
"니애비",
"니어미",
"니엄마",
"니에미",
"니에비",
"니이미",
"니조개",
"니조게",
"니좃",
"니할애비",
"님이럴",
"닝기리",
"닝기미",
"다무러라",
"닥대가리",
"닥대갈",
"닥대구빡",
"닥처",
"닥쳐",
"닥초",
"닥쵸",
"닥춰",
"닥치",
"닦처",
"닦쳐",
"닦초",
"닦쵸",
"닦춰",
"닦치",
"닭대가리",
"닭대갈",
"닭데갈",
"닭뒈가리",
"닭쳐",
"닳은년",
"대가뤼",
"대가리",
"대갈",
"대져",
"대주까",
"대줄께",
"대줄년",
"대질래",
"대질레",
"댁빠리",
"덜은새끼",
"덩쉰",
"덩신",
"데가뤼",
"데가리",
"데갈텅",
"데갈통",
"데저라",
"데져",
"데져라",
"데질레",
"도라이",
"돈년",
"돈새끼",
"돌겡이",
"돌대가리",
"돌림빵",
"돌마니",
"돌머리",
"돌아이",
"돌았나",
"돌은년",
"돌은넘",
"돌은새끼",
"돼가리",
"되질래",
"둇같은",
"둔녀",
"뒈가리",
"뒈져",
"뒈져라",
"뒈진다",
"뒈질",
"뒈질래",
"뒈질레",
"뒤싸질놈",
"뒤여질놈",
"뒤저라",
"뒤져",
"뒤진",
"뒤질",
"뒤짐",
"드러운놈",
"드러운뇬",
"드러운새끼",
"등쉰",
"등시",
"등신",
"등신새끼",
"등신세끼",
"듸랄",
"듸져",
"디랄",
"디람",
"디럴",
"디저라",
"디져",
"디져라",
"디진다",
"디질껴",
"디질래",
"디질레",
"따먹기",
"따먹어",
"따무라",
"따묵기",
"딸녀",
"딸따뤼",
"딸따리",
"딸딸",
"딸순이",
"딸치냐",
"떠라이",
"떡걸",
"떡촌",
"떡치기",
"떨거지",
"떨겡이",
"떨마니",
"떨아이",
"또라이",
"똘아이",
"띠부랄",
"띠불",
"룸섹스",
"막간년",
"막대쑤셔줘",
"막대핧아줘",
"맛간년",
"맛없는년",
"맛이간년",
"맞아죽을놈",
"매춘",
"매친뇬",
"머저리",
"멍청한년",
"메친",
"메틴넘",
"몸파는",
"몸파라",
"미씨촌",
"미이친뇬",
"미친놈",
"미친년",
"미친뇬",
"바근가시네",
"밥튕",
"밥팅",
"백보지",
"뱅신",
"버러지",
"버짓물",
"벙섹",
"벵신",
"벼엉신",
"변녀",
"변섹",
"변태",
"병닥",
"병딱",
"병쉰",
"병싀",
"병싄아",
"병시",
"병신",
"보뒤",
"보오지",
"보쥐",
"보쥐털",
"봉알",
"뵹신",
"부랄",
"부럴",
"부롤",
"불알",
"붕신",
"붕알",
"뷔웅신",
"뷩세",
"뷩쉰",
"뷩시",
"뷩신",
"븅",
"븅따",
"븅딱",
"븅새끼",
"븅쉰",
"븅시나",
"븅신",
"브라알",
"브라운더스트",
"브라자",
"브랄",
"브럴",
"븡딱",
"븡신",
"븡알",
"븨융신",
"빙쉰",
"빙신",
"빙신아",
"빙아",
"빠구뤼",
"빠구리",
"빠꾸뤼",
"빠꾸리",
"빠돌이",
"빠순이",
"빠큐",
"빡순이",
"빡촌",
"빡큐",
"빡통",
"빨자좃",
"빽보지",
"뻐뀨",
"뻐르노",
"뻐큐",
"뻐킹",
"뻑뀨",
"뻑유",
"뻑큐",
"뽀로노",
"뽀르나",
"뽀르너",
"뽀르노",
"뽀쥐털",
"뽀즤",
"뽀지",
"뽀큐",
"뽕알",
"뿡알",
"쁑신",
"삐꾸",
"삥신",
"사까쉬",
"사까시",
"사까치",
"사창가",
"사카시",
"사카씨",
"사타구니",
"삿깟시",
"상년",
"상놈",
"상늠",
"새꺄",
"새끼",
"새대가리",
"새대갈",
"새대구빡",
"새데가리",
"새데갈",
"새데구빡",
"새킈",
"새키",
"색걸",
"색골",
"색귀",
"색긔",
"색기",
"색뀌",
"색끼",
"색녀",
"색마",
"색스",
"색쑤",
"색쓰",
"생리",
"샹년",
"샹노마",
"샹놈의새리",
"샹놈의쌔리",
"샹뇬",
"샹늠의새리",
"샹늠의쌔리",
"샹팔개년",
"선오브비치",
"성감대",
"성경험",
"성관계",
"성교",
"성상담",
"성생활",
"성섹스",
"성욕구",
"성체위",
"성폭력",
"성폭행",
"세끼",
"섹걸",
"섹골",
"섹귀",
"섹기",
"섹끼",
"섹남",
"섹녀",
"섹마",
"섹보지",
"섹소리",
"섹수",
"섹슈",
"섹스",
"섹쑤",
"섹쓰",
"섹티쉬",
"섹파트너",
"섹하자",
"섹하장",
"쇄대가리",
"쇠대가리",
"쇠대갈",
"쇠대구빡",
"쇠데가리",
"쇠데갈",
"쇠데구빡",
"수간",
"수음",
"쉐꺄",
"쉐끼",
"쉐팔",
"쉑",
"쉑끼",
"쉑스",
"쉬댕",
"쉬뎅",
"쉬바",
"쉬박",
"쉬발",
"쉬방",
"쉬배",
"쉬밸",
"쉬벅",
"쉬벌",
"쉬벙",
"쉬벨",
"쉬봉",
"쉬불",
"쉬붕",
"쉬브랄",
"쉬브럴",
"쉬블",
"쉬빨",
"쉬뻘",
"쉬뿔",
"쉬이발",
"쉬이방",
"쉬이벌",
"쉬이불",
"쉬이붕",
"쉬이빨",
"쉬이팔",
"쉬이펄",
"쉬이풀",
"쉬파",
"쉬팍",
"쉬팍아",
"쉬팔",
"쉬팡",
"쉬퍼얼",
"쉬펄",
"쉽새",
"쉽색",
"쉽세",
"쉽섹",
"쉽쉐",
"쉽쌕",
"쉽쎄",
"쉽쎅",
"쉽알",
"쉽쟁이",
"쉽질",
"쉽창",
"쉽탱구리",
"쉽파",
"쉽팍",
"쉽팔",
"쉽펄",
"쉽할",
"쉽헐",
"쉽활",
"쉿발",
"쉿벌",
"쉿빨",
"쉿뻘",
"쉿팍",
"쉿팔",
"쉿펄",
"스너프",
"스발",
"스벌",
"스와핑",
"스팔",
"스펄",
"싀댈",
"싀델",
"싀뎅",
"싀바라",
"싀발",
"싀밸",
"싀벌",
"싀벨",
"싀봉",
"싀봘",
"싀팍",
"싀팔",
"싀팤",
"싀펄",
"싀퐐",
"싑새",
"시댕",
"시뎅",
"시바",
"시발",
"시밸",
"시뱅",
"시뱅년",
"시뱔",
"시버럴",
"시벌",
"시벨",
"시벵",
"시볼",
"시봉",
"시부랄",
"시부럴",
"시불",
"시붕",
"시브랄",
"시블",
"시빨",
"시뺠",
"시뿔",
"시이발",
"시이벌",
"시이불",
"시이붕",
"시이팔",
"시이펄",
"시이풀",
"시입팔",
"시탈놈",
"시파",
"시팍",
"시팔",
"시팡",
"시팰",
"시펄",
"시풀",
"식펄년이",
"신음소리",
"실밸",
"심년아",
"십녀",
"십년",
"십때끼",
"십땡구리",
"십땡그리",
"십땡글이",
"십떼끼",
"십물",
"십발",
"십버지",
"십벌",
"십볼",
"십부랄",
"십부럴",
"십불",
"십블",
"십빡",
"십빨",
"십뻘",
"십뽈",
"십뿔",
"십쁠",
"십새",
"십새리",
"십색",
"십세",
"십셰리",
"십쉐",
"십쌔",
"십쌔끼",
"십쌕",
"십쎄",
"십쎅",
"십알",
"십을년",
"십자슥",
"십지랄",
"십질",
"십창",
"십탱",
"십텡",
"십파",
"십팍",
"십팔",
"십팡넘아",
"십펄",
"십할",
"십헐",
"싯발",
"싯벌",
"싯볼",
"싯빨",
"싯뻘",
"싯팔",
"싶새",
"싶세",
"싶쉐",
"싶쌔",
"싶쎄",
"싶알",
"싶질",
"싶창",
"싶팍",
"싶팔",
"싶펄",
"싶할",
"싶헐",
"싶활",
"싸까쉬",
"싸까시",
"싸까씨",
"싸까지",
"싸까찌",
"싸넘",
"싸년",
"싸놈",
"싸뇬",
"싸늠",
"싸발",
"싸벌",
"싸이코",
"싸카시",
"싸카씨",
"싹바가지",
"싹박아지",
"쌉쌕뀌",
"쌍넌",
"쌍넘",
"쌍년",
"쌍놈",
"쌍뇬",
"쌍늠",
"쌍보지",
"쌍통",
"쌔기",
"쌔꺄",
"쌔끼",
"쌔키",
"쌕",
"쌕걸",
"쌕기",
"쌕년",
"쌕수",
"쌕쉬",
"쌕스",
"쌕쑤",
"쌕쓰",
"쌩쇼",
"쌩쑈",
"쌩아",
"쌰다마우쓰",
"쌰럽",
"쌰앙",
"썅",
"써글",
"써발넘",
"썩을",
"쎄기",
"쎄꺄",
"쎄끈",
"쎄끼",
"쎄엑",
"쎄엑스",
"쎅",
"쎅기",
"쎅수",
"쎅스",
"쎅이",
"쎅히",
"쐉년",
"쐉뇬",
"쐐끼",
"쐐대가리",
"쐐대갈",
"쐐대구빡",
"쐐데가리",
"쐐데갈",
"쑈우망가",
"쑤댕",
"쑤발",
"쑤벌",
"쑤셔",
"쑤팔",
"쑤팡",
"쑤펄",
"쑵",
"쒜",
"쒜끼",
"쒜뒈가리",
"쒝",
"쒝스",
"쒞",
"쒭",
"쒯",
"쒲",
"쒸",
"쒸댕",
"쒸바",
"쒸박",
"쒸발",
"쒸방",
"쒸배",
"쒸밸넘아",
"쒸버",
"쒸벌",
"쒸벨",
"쒸봘",
"쒸부랄",
"쒸부럴",
"쒸불",
"쒸붕",
"쒸뷰랄",
"쒸뷰럴",
"쒸블",
"쒸빨",
"쒸알",
"쒸앙",
"쒸양",
"쒸이발",
"쒸이방",
"쒸이벌",
"쒸이불",
"쒸이붕",
"쒸이빨",
"쒸이팔",
"쒸이펄",
"쒸이풀",
"쒸팍",
"쒸팔",
"쒸팡색기",
"쒸팡색끼",
"쒸펄",
"쒸퐉",
"쒸퐐넘",
"쒸퐐놈",
"쒸풀",
"쓉",
"쓋",
"쓰글",
"쓰댕",
"쓰뎅",
"쓰렉",
"쓰바",
"쓰바새끼",
"쓰바할",
"쓰발",
"쓰방쉐",
"쓰밸",
"쓰버럴",
"쓰벌",
"쓰벨",
"쓰벵",
"쓰봉",
"쓰봉쉐",
"쓰불",
"쓰붕",
"쓰붕쉐",
"쓰뷀",
"쓰브랄",
"쓰브랄쉽세",
"쓰블",
"쓰븡",
"쓰빌",
"쓰빨",
"쓰뻘",
"쓰알",
"쓰으발",
"쓰으벌",
"쓰으블",
"쓰으팔",
"쓰으펄",
"쓰파",
"쓰팔",
"쓰팡",
"쓰펄",
"쓰퐈",
"쓱을",
"씁벌",
"씁새",
"씁색",
"씁세",
"씁쉐",
"씁쌕",
"씁쎅",
"씁쒜",
"씁아",
"씁얼",
"씁탱",
"씁헐",
"씌댕",
"씌바",
"씌박",
"씌발",
"씌방",
"씌배",
"씌밸",
"씌벌",
"씌벙",
"씌벨",
"씌불",
"씌블",
"씌빌",
"씌빨",
"씌뻘",
"씌앙",
"씌양",
"씌파",
"씌팍",
"씌팔",
"씌팡",
"씌펄",
"씌퐈",
"씌퐐",
"씌퐝",
"씝",
"씨가랭넘",
"씨가랭년",
"씨가랭놈",
"씨끼",
"씨다바리",
"씨달",
"씨댕",
"씨댕년",
"씨댕이",
"씨뎅",
"씨바",
"씨바랄",
"씨바새끼",
"씨바알",
"씨박",
"씨발",
"씨밟",
"씨방새",
"씨방세",
"씨방쉐",
"씨배",
"씨밸",
"씨뱅",
"씨뱅가리",
"씨뱅이",
"씨뱔",
"씨버럴",
"씨벌",
"씨벨",
"씨벨세끼",
"씨벵",
"씨벵이",
"씨보지",
"씨볼",
"씨봉",
"씨봘",
"씨부댕",
"씨부랄",
"씨부럴",
"씨부렁",
"씨부롤",
"씨부리",
"씨불",
"씨붕",
"씨브랄",
"씨브럴",
"씨브룰",
"씨블",
"씨븡새끼",
"씨비랄",
"씨빠",
"씨빡",
"씨빨",
"씨뺄뇬아",
"씨뺠",
"씨뽀랄",
"씨뽈",
"씨뿔",
"씨쁠",
"씨섹끼",
"씨앙",
"씨이발",
"씨이방",
"씨이뱅",
"씨이벌",
"씨이불",
"씨이붕",
"씨이블",
"씨이빨",
"씨이팔",
"씨이펄",
"씨이풀",
"씨입쉐",
"씨입팔",
"씨입할",
"씨탱",
"씨텡",
"씨파",
"씨팍",
"씨팔",
"씨팝",
"씨팡",
"씨펄",
"씨폴",
"씨퐁",
"씨퐈",
"씨퐝",
"씨풀",
"씨플",
"씨할",
"씨활",
"씹",
"씹년",
"씹념이",
"씹닥",
"씹딱",
"씹땡구리",
"씹땡그리",
"씹만한",
"씹물",
"씹미랄",
"씹발",
"씹버지",
"씹벌",
"씹보지",
"씹볼뇬",
"씹부랄",
"씹브랄",
"씹빨",
"씹빵구",
"씹뻘",
"씹뽀지",
"씹뿔",
"씹쁠",
"씹새",
"씹색",
"씹세",
"씹세리",
"씹섹",
"씹숑",
"씹쉐",
"씹쌔",
"씹쌕",
"씹아",
"씹알",
"씹어",
"씹얼",
"씹울알",
"씹을년",
"씹자석",
"씹자슥",
"씹자식",
"씹자지",
"씹장이",
"씹쟁이",
"씹쥘",
"씹지랄",
"씹질",
"씹창",
"씹탱",
"씹텡",
"씹팔",
"씹퍼년",
"씹펄년아",
"씹할",
"씹헐",
"씹활",
"씻발",
"씻밸",
"씻벨",
"씻볼",
"씻불",
"씻빨",
"씻뻘",
"씻뽈",
"씻뿔",
"씻탱구리",
"씻팔",
"씻팡",
"씻펄",
"씻펑",
"앂",
"앂빨",
"앂팔",
"아가리",
"아갈",
"아괄",
"아리랑치기",
"아씨발",
"애미",
"애비",
"애뮈",
"애믜",
"애뷔",
"애액",
"애좌",
"앰병",
"앰빙",
"앰창",
"앵신새끼",
"야게임",
"야겜",
"야께임",
"야껨",
"야오이",
"양년",
"양아취",
"양아치",
"얨병",
"얼간이",
"엄마먹었당",
"엄창",
"엠병",
"엠창",
"여엄병",
"연놈",
"연병",
"엳빠",
"염뱅할",
"염병",
"염뵹",
"엿",
"엿가튼",
"엿같은",
"엿같이",
"엿놈",
"엿머거",
"엿먹어",
"엿먹으셈",
"엿이다",
"엿쳐무라",
"옂빠",
"옅빠",
"옘병",
"옘빙",
"오나니",
"오랄",
"오럴",
"오르가즘",
"오입",
"올가즘",
"옴창",
"왕버지",
"왕자지",
"왕잠지",
"왕털버지",
"왕털보지",
"왕털자지",
"왕털잠지",
"요년",
"욧",
"우라질",
"원조교제",
"유깝",
"유깦",
"유방핧아",
"유방핧어",
"유욱갑",
"육갑",
"육갚",
"육구자세",
"육깝",
"육깦",
"육봉",
"육시럴",
"육실할",
"육실헐",
"육씨랄년",
"육씨랄놈",
"윤간",
"음욕",
"이년",
"이새꺄",
"이세꺄",
"이쇅",
"이쉐꺄",
"이쉑",
"이쉑꺄",
"이시끼",
"이자식",
"입걸레",
"자기핧아",
"자쉭",
"자쥐",
"자쥐털",
"자즤",
"작은보지",
"잠지",
"잠짓물마셔",
"잡것",
"잡껏",
"잡넘",
"잡년",
"잡노무",
"잡놈",
"잡뇬",
"잡종",
"잡탱아",
"재섭서",
"재섭써",
"재섭어",
"재셥네",
"저까",
"저깐",
"저년",
"저떠",
"저떠씨벵",
"저빱",
"저세끼",
"저썌끼",
"저엇",
"저엊",
"적까",
"전까",
"전만한",
"점물",
"젓가",
"젓같",
"젓까",
"젓꺽쥐",
"젓꺽지",
"젓꼭쥐",
"젓꼭지",
"젓나",
"젓냄새",
"젓대가리",
"젓떠",
"젓또",
"젓랄",
"젓마나",
"젓마니",
"젓마무리",
"젓만아",
"젓만이",
"젓만한게",
"젓물",
"젓밥",
"젓빱",
"젓빺",
"젓어었더",
"젓잡고",
"젓카",
"정신병자",
"젖",
"젖가",
"젖같",
"젖까",
"젖꺽쥐",
"젖꺽지",
"젖꼭쥐",
"젖꼭지",
"젖대가리",
"젖더",
"젖도",
"젖떠",
"젖또",
"젖마나",
"젖만한",
"젖밥",
"젖빱",
"젖빺",
"젖잡고",
"젖탱이",
"젗",
"젗잡고",
"제수없다",
"져까",
"져더",
"져떠",
"져빱",
"졎",
"졏",
"조가튼",
"조건만남",
"조까",
"조깐냐",
"조깨",
"조께",
"조빱",
"조빺",
"조쌔리뿔라",
"조온나",
"조옷",
"조옺",
"조쟁이",
"조져버린다",
"조진다",
"조질래",
"조팝",
"족가튼넘",
"족가튼년",
"족갗",
"족같내",
"족같네",
"족까",
"존나",
"존니",
"존라",
"존마",
"존마난",
"존마니",
"존만새끼",
"존만아",
"존만한",
"존만히",
"존먹어",
"졷",
"졸같은넘",
"졸까라",
"좀마난",
"좀마니",
"좀물",
"좀쓰레기",
"좁",
"좁년",
"좁물",
"좁밥",
"좁빠라라",
"좃가튼",
"좃간년",
"좃같네",
"좃같은",
"좃까",
"좃깟네",
"좃깨",
"좃께",
"좃나",
"좃냄새",
"좃넘",
"좃니재수야",
"좃대가리",
"좃대로",
"좃도",
"좃떠",
"좃또",
"좃마무리",
"좃만아",
"좃만이",
"좃만한",
"좃먹어",
"좃물",
"좃밥",
"좃보지",
"좃부랄",
"좃빠구리",
"좃빠네",
"좃빠라",
"좃빱",
"좃빺",
"좃잡고",
"좃털",
"종간나",
"좆",
"좇",
"좈",
"좉",
"좊",
"좋만한것",
"좌쉭",
"좌슥",
"좝것",
"좨랄",
"좨수없다",
"죄수없다",
"죠또",
"죠랄하네",
"죡",
"죤",
"죤나",
"죳까",
"죴",
"죵",
"죵나",
"죷",
"주글년",
"주글래",
"주길년",
"주둥아리",
"죽고싶냐",
"죽구십냐",
"죽구싶냐",
"죽을년",
"죽을놈",
"죽을래",
"죽이삔다",
"죽일년",
"죽일놈",
"줴수없다",
"쥐랄",
"쥐럴",
"쥐뢀",
"쥐룰",
"쥐새키",
"쥐세키",
"쥐이럴",
"쥗",
"즤랄",
"지랄",
"지럴",
"지롤",
"지뢀",
"지룰",
"지어미",
"지에미",
"지이랄",
"지이럴",
"지져버려",
"지핥",
"질알",
"질얼",
"질올",
"질할",
"짜쥐",
"짜쥐털",
"짜즤",
"짜지",
"짜지털",
"짬지",
"짭새",
"짭쉐",
"쨔저",
"쨔져",
"쪼가리",
"쪼갈",
"쪼개지마",
"쪼까",
"쪼다",
"쪽빠리",
"쫍밥",
"쬬개",
"쬬까",
"쭀",
"쭈둥아리",
"쮜랄",
"찌랄",
"찐따",
"찢어죽일년",
"찢어죽일놈",
"차앙녀",
"창녀",
"창년",
"창놈",
"창뇨",
"창뇬",
"처먹어",
"처박다",
"처죽일년",
"처죽일놈",
"첫더",
"쳐먹어",
"쳐쑤셔박어",
"쳐죽인다",
"쳐죽일것",
"쳐죽일년",
"쳐죽일놈",
"쳤같다",
"촌나시펄",
"촌씨브라리",
"촌씨브랑이",
"촌씨브랭이",
"촹뇬",
"춎마라라",
"춎이다",
"츠발",
"친넘",
"캐새끼",
"캐쉐리",
"캐쉑끼",
"컴색",
"컴세엑",
"컴섹",
"컴쌕",
"컴쎅",
"콘돔",
"크리토리스",
"큰보지",
"클리토리스",
"튀껍냐",
"튀꼽",
"튀꼽냐",
"티껍",
"티껍냐",
"티꼽",
"티꼽냐",
"티발",
"티이발",
"파큐",
"패니스",
"패티쉬",
"패티시",
"팰라치오",
"퍼르노",
"퍼큐",
"퍽유",
"퍽큐",
"펀섹",
"펔규",
"펔뀨",
"펔유",
"펔큐",
"페니스",
"페티걸",
"페티쉬",
"페티시",
"펠라치오",
"폐니스",
"폐티걸",
"폐티쉬",
"폐티시",
"포뀨",
"포로너",
"포로느",
"포르나",
"포르너",
"포르노",
"포르로",
"포온섹",
"포큐",
"폭뀨",
"폰색",
"폰섹",
"폰쎅",
"풀알",
"할타",
"핥",
"핥아",
"함주까",
"핸타이",
"허뎝",
"허버리년",
"헐렁보지",
"헨타이",
"헴타이",
"호구",
"호구쉐끼",
"호냥년",
"호러세귀",
"호빠",
"호스트빠",
"호스티스",
"호양년",
"호오로",
"호테스바",
"호테스빠",
"혼음",
"화냥년",
"화냥뇬",
"후라덜넘",
"후라들년",
"후래자식",
"후뢰자식",
"후리지마",
"후릴년",
"후좡",
"뵨태",
"윤락",
"가슴만져",
"거시기",
"년",
"놈",
"발기",
"버지",
"보랄",
"보럴",
"뽀쥐",
"상급워록",
"색남",
"색수",
"음부",
"byuntae",
"Cybercrime",
"devil",
"gotdamn",
"gotohell",
"playbog",
"pleybog",
"pleyboy",
"Satan",
"ssibbal",
"거기나빨아랑",
"씨방",
"씨방아",
"씹다",
"아씨팔젖같네",
"애널",
"애무",
"어미",
"에미",
"에비",
"음경",
"쥐엠",
"지엠",
"창남",
"창여",
"혀로보지핧기",
"혀로보지핱기",
"후다",
"후장",
"10새",
"10색",
"10섹",
"10쉑",
"10알",
"10창",
"10챵",
"10팍",
"10팔",
"10펄",
"10할",
"18넘",
"18년",
"18놈",
"18뇬",
"18늠",
"18새",
"18새끼",
"18색",
"18색끼",
"18세끼",
"18쉐키",
"1o새",
"1o새끼",
"1o세",
"1o세끼",
"4kkasi",
"4까시",
"c8",
"ccibal",
"ccipal",
"ccival",
"cibal",
"cipal",
"cival",
"c발",
"c부랄",
"c팔",
"g랄",
"ho로쉐끼",
"jamji",
"ja위",
"jiral",
"ji랄",
"kissmyass",
"nigimi",
"playbozi",
"sival",
"si팔",
"ssibal",
"ssival",
"zasal",
"가운대다리",
"개가튼",
"개갈보",
"개같은",
"개넘",
"개논",
"개뇬",
"개뇽",
"개눔",
"개늠",
"개늠아",
"개뵹신",
"개불랄",
"개불알",
"개붕알",
"개새",
"개색",
"개생퀴",
"개샠",
"개샤끼",
"개세",
"개세이",
"개섹",
"개쇄",
"개쇅",
"개쉐",
"개쉑",
"개쉬바",
"개쉬발",
"개쉬벌",
"개시끼",
"개시바",
"개시발",
"개쌍넘",
"개쌍년",
"개쌍놈",
"개쌍뇬",
"개쌔",
"개쌕기",
"개썌끼",
"개쎄끼야",
"개쒜리",
"개쓉",
"개쓰래기",
"개씁",
"개씨바",
"개씨블",
"개씨뻘",
"개씹",
"개씹세",
"개자석",
"개자쉭",
"개자슥",
"개자씩",
"개자쥐",
"개젓",
"개젗",
"개졋",
"개졎",
"개조옷",
"개족",
"개좇",
"개호러",
"걸래가튼뇬",
"걸래같은년",
"걸래년",
"게가튼",
"게같은",
"게넘",
"게년",
"게놈",
"게뇬",
"게눔",
"게늠",
"게늠아",
"게보쥐",
"게보지",
"게부럴",
"게새기",
"게새끼",
"게색",
"게세",
"게섹",
"게쉐리",
"게쉐이",
"게쉑",
"게쉬키",
"게시끼",
"게쎄기",
"게쎄끼",
"게자쉭",
"게자슥",
"게자식",
"게자쥐",
"게자지",
"게젓",
"게좆",
"게지뢀",
"계색갸",
"계세키",
"궤색",
"궤섹",
"궤시끼",
"궤자지",
"깨쌔끼",
"뉘미쉬벌",
"늬음마",
"니뮈쒸발",
"니미밑구녕",
"니미쉬벌",
"니미쒸발",
"니미쒸블",
"니미좃",
"니보지",
"니보지구멍",
"니뽕좃이다",
"니어미배째",
"니자지",
"니조지다",
"니좃대로",
"니죠때",
"닝기미씹",
"닝기미좃",
"대갈빡",
"대갈통",
"대저라",
"데갈",
"데구빡",
"말버지",
"말좆",
"뮈칀세끼",
"뮈칀세리",
"뮈칀세이",
"뮈칀섹끼",
"뮈친세리",
"뮈친세이",
"뮈친섹끼",
"뮈친쉑이",
"미친",
"미친새끼",
"미췬",
"미췬세끼",
"미칀",
"미친개새끼",
"미친개색기",
"미친개쉑",
"미친쌍년",
"미친싸앙년",
"미친싸앙놈",
"미친쌍농",
"미친쌍뇽",
"미친썅년",
"미친썅놈",
"미친씹쌔",
"미친씹쌔끼",
"미친씹쎄끼",
"미친좃대가리",
"미칭논아",
"미튄",
"미티넘",
"미틴",
"밑구녕",
"밑구멍",
"뱅신시키",
"버쥐",
"버즤",
"버지물",
"벼엉시나",
"벼엉시이",
"벼잉신",
"병쉬",
"병신새",
"병신새끼",
"병신색기",
"병신쉐리",
"병신쉐이",
"병어신",
"병엉신",
"보즤",
"보지",
"보지구녕",
"보지뇬",
"보짓년",
"보짓물",
"보짖물",
"보털",
"봇털",
"봉신",
"뵝신",
"부뢀",
"부카케",
"붕뛴",
"붕싄",
"뷩쉬",
"뷩싄",
"븅신새끼",
"븅신색끼",
"븅신색히",
"븅신섹히",
"블알",
"빙신쉐리",
"빙신쉐이",
"빽자지",
"뻐르나",
"뻐르너",
"뻨유",
"뻨큐",
"뽁큐",
"뽈로노",
"뿌랄",
"뿌럴",
"뿔알",
"사kkasi",
"사앙녀",
"사앙년",
"삭바가지",
"삭박아지",
"상놈쉑",
"상뇬",
"상늠쉑",
"샙때끼",
"샤앙녀",
"샤앙년",
"샤앙놈",
"샹논",
"샹놈",
"쉬부랄",
"시벌존나",
"시벌좃나",
"시부랄넘",
"시부랄녀언",
"시부랄년",
"시부랄놈",
"시부랄뇬",
"시부래미",
"시불랑",
"시불헐",
"시앙년",
"시양년",
"십8",
"십데꺄",
"십아",
"십우랄년아",
"십자석",
"십장이",
"십쟁이",
"싰발",
"싰벌",
"싶발",
"싶벌",
"싶빡",
"싶빨",
"싶뻘",
"싸앙년",
"싸앙뉸",
"싹년",
"쌍뇽",
"쌍뉸",
"쌍부랄",
"쌍연?",
"쌰앙녀",
"쌰앙년",
"쌰앙뇬",
"쌰앙뉸",
"썅넌",
"썅년",
"썅뇬?",
"썅악년",
"썅악여",
"썅악연",
"썅앙년",
"썅연",
"쓉창",
"쓰부랄",
"씁창",
"씝창",
"씨8",
"씨발새끼",
"씨발개새끼",
"씨발잡놈",
"씨발개잡놈",
"씨배랄",
"씨베랄",
"씨베렐",
"씨봉알",
"씨부랠",
"씨부럴잡놈",
"씨부럴개잡놈",
"씨부얼",
"씨불알",
"씨불얼",
"씨불할",
"씨불헐",
"씨앙년",
"씨양년",
"씨창",
"씹8",
"씹구멍",
"씹까",
"씹년양아치",
"씹젖",
"씹좆",
"씹좇",
"자지",
"저까튼",
"저꽈튼",
"저꽛튼",
"적가튼",
"적꽈튼",
"젓가튼",
"젓갓",
"젓같내",
"젓같네",
"젓같다",
"젓같은",
"젓같은?",
"젖가튼",
"젖같네",
"젖같은",
"젗같",
"져꽈튼",
"졋같다",
"졎같다",
"조가틍",
"조까치",
"조까튼",
"조깓",
"조깟",
"조깠",
"조깥",
"조끗",
"조끗네",
"조또",
"조빠",
"조옷가튼",
"조옷같",
"조카툰",
"족가튼",
"족간네",
"족같",
"족같은",
"족까치",
"좃갔다",
"좃같",
"좃같내",
"좃같다",
"좃같아",
"좃같어",
"좃봉지",
"좆가튼",
"좆같",
"좆같네",
"좆같아",
"좇가튼",
"좇같",
"좇같네",
"좇같은",
"죠까틍",
"죠카태",
"죠카테",
"죠카툰",
"죠콰떼",
"죠콰태",
"죠콰테",
"죠콰퉤",
"죧같",
"죧만한",
"죶가튼",
"죶같은",
"쪼가튼",
"쫃갇네",
"쫃같네",
"쫓같",
"캐병신",
"캐븅신",
"호구새끼",
"호러새끼",
"흐접쌔끼",
"로리타",
"로리",
"리타",
"아동포르노",
"미성년자포르노",
"아동매춘",
"아동매춘물",
"아동음란물",
"아동물",
"망가",
"여고생교복야동",
"여고생교복",
"여고생야동",
"교복야동",
"로리콤",
"로리콘",
"18샹놈",
"18샹늠",
"개잡놈",
"미친쓰레기",
"보슬아치",
"개쓰레기잡놈",
"씨발색기",
"씨발놈",
"씨발놈의새끼",
"샹늠",
"샹놈의새끼",
"미친씨발",
"미친씨발놈",
"간철수",
"개쌍도",
"개쌍디언",
"김치년",
"근혜찡",
"규재찡",
"노운지",
"운지",
"로린이",
"멍청도",
"빵칼",
"빵즈",
"박원숭",
"씹선비",
"설라디언",
"스시녀",
"원조가카",
"노오란그분",
"네다홍",
"좌이트",
"좌음",
"좌빨",
"전라디언",
"탈라도",
"빨갱이",
"종북",
"좌좀",
"낙태충",
"수꼴",
"일베",
"일베충",